sheet,position,id
sheet_001.png,1,AC001
sheet_001.png,2,ENV001
sheet_001.png,3,PS101
sheet_001.png,4,RF001
sheet_002.png,1,PS001
sheet_002.png,2,PS000
sheet_002.png,3,PS002
sheet_002.png,4,PS003
sheet_003.png,1,TS001
sheet_003.png,2,PS200
sheet_003.png,3,PS201
sheet_003.png,4,PS202
sheet_004.png,1,PS300
sheet_004.png,2,PS301
sheet_004.png,3,PS302
sheet_004.png,4,IO100
sheet_005.png,1,IO003
sheet_005.png,2,IO101
sheet_005.png,3,IO102
sheet_005.png,4,PA001
sheet_006.png,1,OT001
sheet_006.png,2,IO001
sheet_006.png,3,CN001
sheet_006.png,4,CN002
sheet_007.png,1,CN003
sheet_007.png,2,AC002
sheet_007.png,3,AC003
sheet_007.png,4,AC004
sheet_008.png,1,AC005
sheet_008.png,2,OT002
sheet_008.png,3,AC006
sheet_008.png,4,AC007
sheet_009.png,1,PS401
sheet_009.png,2,SW001
sheet_009.png,3,SW002
sheet_009.png,4,SW003
sheet_010.png,1,SW004
sheet_010.png,2,SW005
